{
  "0": "FAILURE",
  "1": "HELLO",
  "3": "CLAIM_LOGIN_REWARD_MSG",
  "4": "DELETE_PET",
  "5": "REQUESTTRADE",
  "6": "QUEST_FETCH_RESPONSE",
  "7": "JOINGUILD",
  "8": "PING",
  "9": "NEWTICK",
  "10": "PLAYERTEXT",
  "11": "USEITEM",
  "12": "SERVERPLAYERSHOOT",
  "13": "SHOWEFFECT",
  "14": "TRADEACCEPTED",
  "15": "GUILDREMOVE",
  "16": "PETUPGRADEREQUEST",
  "17": "ENTER_ARENA",
  "18": "GOTO",
  "19": "INVSWAP",
  "20": "OTHERHIT",
  "21": "NAMERESULT",
  "22": "BUYRESULT",
  "23": "HATCH_PET",
  "24": "ACTIVE_PET_UPDATE_REQUEST",
  "25": "ENEMYHIT",
  "26": "GUILDRESULT",
  "27": "EDITACCOUNTLIST",
  "28": "TRADECHANGED",
  "30": "PLAYERSHOOT",
  "31": "PONG",
  "33": "PET_CHANGE_SKIN_MSG",
  "34": "TRADEDONE",
  "35": "ENEMYSHOOT",
  "36": "ACCEPTTRADE",
  "37": "CHANGEGUILDRANK",
  "38": "PLAYSOUND",
  "39": "VERIFY_EMAIL",
  "40": "SQUAREHIT",
  "41": "NEW_ABILITY",
  "42": "MOVE",
  "44": "TEXT",
  "45": "RECONNECT",
  "46": "DEATH",
  "47": "USEPORTAL",
  "48": "QUEST_ROOM_MSG",
  "49": "ALLYSHOOT",
  "50": "IMMINENT_ARENA_WAVE",
  "51": "RESKIN",
  "52": "RESET_DAILY_QUESTS",
  "53": "PET_CHANGE_FORM_MSG",
  "55": "INVDROP",
  "56": "CHANGETRADE",
  "57": "LOAD",
  "58": "QUEST_REDEEM",
  "59": "CREATEGUILD",
  "60": "SETCONDITION",
  "61": "CREATE",
  "62": "UPDATE",
  "63": "KEY_INFO_RESPONSE",
  "64": "AOE",
  "65": "GOTOACK",
  "66": "GLOBAL_NOTIFICATION",
  "67": "NOTIFICATION",
  "68": "ARENA_DEATH",
  "69": "CLIENTSTAT",
  "74": "TELEPORT",
  "75": "DAMAGE",
  "76": "ACTIVEPETUPDATE",
  "77": "INVITEDTOGUILD",
  "78": "PETYARDUPDATE",
  "79": "PASSWORD_PROMPT",
  "80": "ACCEPT_ARENA_DEATH",
  "81": "UPDATEACK",
  "82": "QUESTOBJID",
  "83": "PIC",
  "84": "REALM_HERO_LEFT_MSG",
  "85": "BUY",
  "86": "TRADESTART",
  "87": "EVOLVE_PET",
  "88": "TRADEREQUESTED",
  "89": "AOEACK",
  "90": "PLAYERHIT",
  "91": "CANCELTRADE",
  "92": "MAPINFO",
  "93": "LOGIN_REWARD_MSG",
  "94": "KEY_INFO_REQUEST",
  "95": "INVRESULT",
  "96": "QUEST_REDEEM_RESPONSE",
  "97": "CHOOSENAME",
  "98": "QUEST_FETCH_ASK",
  "99": "ACCOUNTLIST",
  "100": "SHOOTACK",
  "101": "CREATE_SUCCESS",
  "102": "CHECKCREDITS",
  "103": "GROUNDDAMAGE",
  "104": "GUILDINVITE",
  "105": "ESCAPE",
  "106": "FILE",
  "107": "RESKIN_UNLOCK",
  "108": "NEW_CHARACTER_INFORMATION",
  "109": "UNLOCK_INFORMATION",
  "112": "QUEUE_INFORMATION",
  "113": "QUEUE_CANCEL",
  "114": "EXALTATION_BONUS_CHANGED",
  "115": "REDEEM_EXALTATION_AWARD",
  "116": "EXALTATION_REDEEM_INFO_MSG",
  "117": "VAULT_CONTENT",
  "118": "FORGE_REQUEST",
  "119": "FORGE_RESULT",
  "120": "FORGE_UNLOCKED_BLUEPRINTS",
  "121": "CHANGE_ALLYSHOOT",
  "FAILURE": 0,
  "HELLO": 1,
  "CLAIM_LOGIN_REWARD_MSG": 3,
  "DELETE_PET": 4,
  "REQUESTTRADE": 5,
  "QUEST_FETCH_RESPONSE": 6,
  "JOINGUILD": 7,
  "PING": 8,
  "NEWTICK": 9,
  "PLAYERTEXT": 10,
  "USEITEM": 11,
  "SERVERPLAYERSHOOT": 12,
  "SHOWEFFECT": 13,
  "TRADEACCEPTED": 14,
  "GUILDREMOVE": 15,
  "PETUPGRADEREQUEST": 16,
  "ENTER_ARENA": 17,
  "GOTO": 18,
  "INVSWAP": 19,
  "OTHERHIT": 20,
  "NAMERESULT": 21,
  "BUYRESULT": 22,
  "HATCH_PET": 23,
  "ACTIVE_PET_UPDATE_REQUEST": 24,
  "ENEMYHIT": 25,
  "GUILDRESULT": 26,
  "EDITACCOUNTLIST": 27,
  "TRADECHANGED": 28,
  "PLAYERSHOOT": 30,
  "PONG": 31,
  "PET_CHANGE_SKIN_MSG": 33,
  "TRADEDONE": 34,
  "ENEMYSHOOT": 35,
  "ACCEPTTRADE": 36,
  "CHANGEGUILDRANK": 37,
  "PLAYSOUND": 38,
  "VERIFY_EMAIL": 39,
  "SQUAREHIT": 40,
  "NEW_ABILITY": 41,
  "MOVE": 42,
  "TEXT": 44,
  "RECONNECT": 45,
  "DEATH": 46,
  "USEPORTAL": 47,
  "QUEST_ROOM_MSG": 48,
  "ALLYSHOOT": 49,
  "IMMINENT_ARENA_WAVE": 50,
  "RESKIN": 51,
  "RESET_DAILY_QUESTS": 52,
  "PET_CHANGE_FORM_MSG": 53,
  "INVDROP": 55,
  "CHANGETRADE": 56,
  "LOAD": 57,
  "QUEST_REDEEM": 58,
  "CREATEGUILD": 59,
  "SETCONDITION": 60,
  "CREATE": 61,
  "UPDATE": 62,
  "KEY_INFO_RESPONSE": 63,
  "AOE": 64,
  "GOTOACK": 65,
  "GLOBAL_NOTIFICATION": 66,
  "NOTIFICATION": 67,
  "ARENA_DEATH": 68,
  "CLIENTSTAT": 69,
  "TELEPORT": 74,
  "DAMAGE": 75,
  "ACTIVEPETUPDATE": 76,
  "INVITEDTOGUILD": 77,
  "PETYARDUPDATE": 78,
  "PASSWORD_PROMPT": 79,
  "ACCEPT_ARENA_DEATH": 80,
  "UPDATEACK": 81,
  "QUESTOBJID": 82,
  "PIC": 83,
  "REALM_HERO_LEFT_MSG": 84,
  "BUY": 85,
  "TRADESTART": 86,
  "EVOLVE_PET": 87,
  "TRADEREQUESTED": 88,
  "AOEACK": 89,
  "PLAYERHIT": 90,
  "CANCELTRADE": 91,
  "MAPINFO": 92,
  "LOGIN_REWARD_MSG": 93,
  "KEY_INFO_REQUEST": 94,
  "INVRESULT": 95,
  "QUEST_REDEEM_RESPONSE": 96,
  "CHOOSENAME": 97,
  "QUEST_FETCH_ASK": 98,
  "ACCOUNTLIST": 99,
  "SHOOTACK": 100,
  "CREATE_SUCCESS": 101,
  "CHECKCREDITS": 102,
  "GROUNDDAMAGE": 103,
  "GUILDINVITE": 104,
  "ESCAPE": 105,
  "FILE": 106,
  "RESKIN_UNLOCK": 107,
  "NEW_CHARACTER_INFORMATION": 108,
  "UNLOCK_INFORMATION": 109,
  "QUEUE_INFORMATION": 112,
  "EXALTATION_BONUS_CHANGED": 114,
  "QUEUE_CANCEL": 113,
  "REDEEM_EXALTATION_AWARD": 115,
  "EXALTATION_REDEEM_INFO_MSG": 116,
  "VAULT_CONTENT": 117,
  "FORGE_REQUEST": 118,
  "FORGE_RESULT": 119,
  "FORGE_UNLOCKED_BLUEPRINTS": 120,
  "CHANGE_ALLYSHOOT": 121
}
